Filename_corr,RA_corr,dec_corr,Rearcsec,AR,n,mu_0_g,mu_0_z,mag_g,tau,WISE,classALL
SMDG2158443+004431,-30.31527,0.74183,5.8,0.588,0.888,23.617,22.872,19.319,0.04859,0.05923,3
SMDG2129523-004125,-37.53188,-0.69028,8.09,0.683,1.126,23.153,22.24,18.372,0.03247,0.07559,3
SMDG2144558+012533,-33.76755,1.42597,7.35,0.649,1.084,22.904,22.028,18.314,0.04907,0.06025,3
SMDG2124362-020325,-38.84899,-2.05707,5.11,0.529,0.751,23.512,22.856,19.385,0.03937,0.05724,3
SMDG2129521-003252,-37.53292,-0.5477,7.8,0.565,1.08,23.303,22.056,18.728,0.03976,0.06102,3
SMDG2222126+015843,-24.44739,1.97853,5.44,0.564,1.009,23.121,22.22,19.209,0.04866,0.08939,3
SMDG2139363+005319,-35.09861,0.88867,6.78,0.94,1.325,22.614,21.948,18.222,0.04476,0.07104,3
SMDG2105543-015220,-43.52375,-1.8721,7.42,0.724,1.278,22.959,22.218,18.571,0.04368,0.09396,3
SMDG2202139+011215,-29.4419,1.20428,5.24,0.788,0.849,23.839,22.986,19.38,0.04005,0.05473,3
SMDG2146448-005213,-33.3135,-0.87034,6.31,0.732,0.883,23.271,22.631,18.544,0.04726,0.09933,3
SMDG2201429+002248,-29.57146,0.38001,5.1,0.558,0.728,23.171,22.61,18.954,0.04658,0.0738,3
SMDG2126169-000923,-38.42964,-0.15635,7.39,0.967,1.021,23.043,22.24,17.901,0.04275,0.06776,3
SMDG2209073+013821,-27.71977,1.63921,6.55,0.672,1.068,23.377,22.69,18.972,0.03831,0.08265,3
SMDG2206238+025710,-28.40098,2.95272,7.65,0.752,1.04,23.994,23.298,19.082,0.04672,0.07324,3
SMDG2129244-003635,-37.64816,-0.60974,8.33,0.507,1.733,22.772,22.092,19.355,0.03927,0.06976,3
SMDG2332333-023349,-6.86133,-2.56355,5.63,0.595,0.944,23.864,23.132,19.71,0.04203,0.06829,3
SMDG0006595+005846,1.74776,0.97957,5.45,0.786,0.967,23.516,22.844,19.169,0.02948,0.06454,3
SMDG2346578-021712,-3.25901,-2.28665,8.29,0.715,1.95,22.523,21.827,19.155,0.03981,0.06997,3
SMDG0015567-020606,3.98618,-2.10157,7.0,0.652,0.732,23.366,22.593,18.299,0.03129,0.09864,3
SMDG2320412+004934,-9.82838,0.82609,43.21,0.874,2.512,21.739,20.741,15.658,0.04906,0.07256,3
SMDG0003434-015330,0.93087,-1.89171,4.92,0.661,0.821,23.17,22.528,18.994,0.04342,0.0638,3
SMDG2358356-003118,-0.35186,-0.52178,5.31,0.735,0.885,23.252,22.443,18.898,0.04117,0.07218,3
SMDG2345187-025440,-3.6722,-2.91106,5.79,0.567,1.104,23.103,22.396,19.213,0.04043,0.06075,3
SMDG2313415-015412,-11.57697,-1.90344,7.42,0.768,0.661,23.652,23.142,18.173,0.03779,0.04856,3
SMDG2344005+002643,-3.99782,0.44524,5.72,0.642,1.033,23.322,22.383,19.201,0.03078,-0.00846,3
SMDG0020397-002755,5.16545,-0.46516,6.21,0.699,1.287,23.455,22.589,19.508,0.02529,0.01746,3
SMDG2305318-001402,-13.61732,-0.23379,5.56,0.89,0.775,23.691,22.867,18.853,0.04914,0.0701,3
SMDG2322018-005229,-9.49248,-0.87468,13.61,0.5,1.62,22.347,21.728,17.668,0.04933,0.08219,3
SMDG2309539-025309,-12.52538,-2.88581,18.5,0.557,3.386,20.642,19.814,18.634,0.04996,0.0568,3
SMDG0001389+025001,0.41195,2.83359,6.75,0.611,0.732,23.277,22.745,18.359,0.03096,0.0333,3
SMDG0019357+004323,4.89892,0.72309,8.45,0.607,1.003,23.838,23.191,18.88,0.0274,0.03584,3
SMDG2307095-004013,-13.21053,-0.67014,7.74,0.843,1.374,23.076,22.351,18.603,0.04429,0.07217,3
SMDG2313301-020247,-11.62447,-2.04645,5.98,0.702,1.03,23.209,22.299,18.89,0.03149,0.05103,3
SMDG2304211+010327,-13.91196,1.05741,15.55,0.43,1.304,23.162,22.27,17.779,0.04297,0.06984,3
SMDG2356532-013335,-0.77823,-1.55964,7.97,0.947,0.887,23.431,22.656,17.924,0.02677,0.0317,3
SMDG2340409-022956,-4.82976,-2.499,5.77,0.531,0.875,23.525,22.632,19.328,0.03411,0.06654,3
SMDG2337158-000423,-5.68408,-0.07303,5.6,0.753,0.968,23.203,22.542,18.845,0.04578,0.07347,3
SMDG2331153+020014,-7.18636,2.00387,55.35,0.832,2.218,22.091,21.209,14.951,0.04459,0.06301,3
SMDG0018431+003017,4.67947,0.50476,7.75,0.566,0.867,23.242,22.565,18.322,0.03354,0.02221,3
SMDG2316088-023644,-10.96342,-2.61221,7.99,0.699,1.716,23.396,22.46,19.689,0.03991,0.04259,3
SMDG2306364+002305,-13.34824,0.38459,13.36,0.852,1.494,22.965,22.224,17.514,0.04455,0.06183,3
SMDG2343553+000431,-4.01958,0.0753,13.66,0.584,1.271,22.75,21.991,17.257,0.03399,0.05995,3
SMDG2318043-012236,-10.48196,-1.37662,5.68,0.844,0.999,23.562,22.67,19.102,0.04909,0.07281,3
SMDG2315034-020612,-11.23575,-2.10326,4.81,0.522,0.858,23.208,22.189,19.397,0.03668,0.04782,3
SMDG2347505+001957,-3.03978,0.33247,6.17,0.818,1.349,22.872,22.13,18.879,0.03149,0.07489,3
SMDG2316495-021338,-10.79367,-2.22728,8.6,0.631,0.917,23.188,22.599,18.006,0.03655,0.04951,3
SMDG0001080+015629,0.28345,1.94126,5.62,0.583,1.036,23.008,22.431,19.035,0.03256,0.04338,3
SMDG2301126+003030,-14.69762,0.50846,9.04,0.539,1.432,23.083,22.229,18.864,0.04344,0.08736,3
SMDG0008216-022309,2.08997,-2.3857,35.63,0.851,1.942,22.496,21.765,15.757,0.02577,0.07961,3
SMDG2352445-020709,-1.81448,-2.11923,4.41,0.861,0.455,23.817,22.956,19.059,0.03035,0.07007,3
SMDG2356270-024523,-0.88742,-2.75651,5.07,0.877,0.933,23.443,22.598,19.077,0.04296,0.05983,3
SMDG2315455-021650,-11.06052,-2.2805,4.66,0.497,0.76,23.284,22.156,19.438,0.04135,0.05003,3
SMDG2350450-005446,-2.31233,-0.91289,5.1,0.369,0.914,23.109,22.554,19.639,0.04092,0.07376,3
SMDG2337497-003517,-5.54285,-0.58814,5.93,0.714,1.01,23.008,22.103,18.654,0.04975,0.06194,3
SMDG2341228-013604,-4.65513,-1.60101,7.17,0.714,1.207,23.093,22.072,18.668,0.03844,0.06753,3
SMDG2310265-004141,-12.38939,-0.69483,5.8,0.677,0.726,23.787,23.131,19.078,0.03751,0.0512,3
SMDG2302324+005238,-14.36487,0.87727,6.18,0.818,1.046,22.875,22.183,18.345,0.03448,0.05223,3
SMDG2315511-011151,-11.03702,-1.19755,6.63,0.626,1.335,22.828,22.24,18.944,0.03357,0.06081,3
SMDG2310212-013300,-12.41168,-1.55013,4.79,0.669,0.735,23.891,23.18,19.624,0.03494,0.04522,3
SMDG2233427-004026,-21.57208,-0.6738,5.8,0.734,0.786,23.364,22.61,18.661,0.04812,0.08724,3
SMDG2259558+004118,-15.01748,0.68825,8.43,0.883,0.747,23.673,22.73,17.896,0.04184,0.06847,3
SMDG0017256+005643,4.35681,0.94517,6.46,0.585,0.728,23.345,22.532,18.564,0.03482,0.02494,3
SMDG2358191+005347,-0.42031,0.89627,6.31,0.738,1.132,22.959,22.332,18.644,0.04182,0.07309,3
SMDG0019151+005455,4.81284,0.91541,5.77,0.781,1.147,23.138,21.979,18.982,0.0279,0.04571,3
SMDG2351058-005319,-2.22577,-0.88851,6.17,0.436,0.848,23.973,23.472,19.8,0.03869,0.05921,3
SMDG2316415-010427,-10.82728,-1.07426,18.9,0.888,1.855,22.405,21.477,16.831,0.04263,0.06131,3
SMDG2318236+003635,-10.40179,0.60972,6.61,0.535,1.253,23.261,22.597,19.408,0.04908,0.09798,3
SMDG0014330-025229,3.63751,-2.8746,5.41,0.603,0.94,23.872,23.182,19.784,0.03188,0.04785,3
SMDG2347057-010338,-3.22606,-1.06059,7.98,0.419,0.988,23.617,22.978,19.16,0.03436,0.06055,3
SMDG0010141+023221,2.55857,2.53912,6.49,0.615,1.151,23.398,22.698,19.253,0.02521,0.04285,3
SMDG2359328-005251,-0.1135,-0.88074,6.75,0.723,1.185,23.428,22.681,19.082,0.03618,0.0693,3
SMDG0023407-013046,5.91942,-1.51288,7.47,0.79,0.887,23.458,22.453,18.288,0.0261,0.0378,3
SMDG2313383-015252,-11.59024,-1.88113,5.9,0.683,1.198,23.759,22.606,19.79,0.03594,0.04043,3
SMDG2346170-015256,-3.42923,-1.88234,6.01,0.6,1.246,22.766,22.296,18.982,0.03907,0.04508,3
SMDG0016050+015158,4.02078,1.86625,5.5,0.421,1.074,22.822,22.016,19.315,0.0314,0.0679,3
SMDG2347550-011217,-3.02091,-1.20486,24.97,0.675,2.716,21.934,21.184,17.726,0.03269,0.06452,3
SMDG2321255+015217,-9.64374,1.87141,21.16,0.822,1.555,23.354,22.452,17.056,0.04605,0.06619,3
SMDG0004341+030056,1.14201,3.01546,5.29,0.909,0.777,23.375,22.347,18.625,0.01899,0.02711,3
SMDG2321597-023201,-9.50112,-2.53362,6.73,0.405,0.915,23.65,23.046,19.478,0.04127,0.06109,3
SMDG0012212+015308,3.08838,1.8856,5.1,0.469,0.876,23.516,22.934,19.723,0.0275,0.06935,3
SMDG2326465+021743,-8.30633,2.29541,6.11,0.706,1.136,23.208,22.341,19.018,0.03718,0.04233,3
SMDG2359104+013316,-0.20655,1.55458,8.18,0.744,0.78,23.858,23.339,18.384,0.02715,0.03118,3
SMDG0125000-020817,21.24963,-2.138,6.7,0.787,1.169,23.055,22.447,18.605,0.0316,0.0639,3
SMDG0129086-005351,22.28585,-0.89746,12.46,0.427,0.856,23.554,22.472,17.891,0.01272,0.03677,3
SMDG0042162-023803,10.5673,-2.63413,5.09,0.573,0.664,23.987,23.406,19.649,0.0135,0.02031,3
SMDG0101330+010313,15.38734,1.05351,5.49,0.787,1.046,23.833,23.158,19.602,0.02274,0.05608,3
SMDG0106425-025704,16.67724,-2.95114,5.73,0.61,0.912,23.252,22.565,18.98,0.02418,0.03529,3
SMDG0029529-005832,7.47032,-0.97557,6.81,0.996,1.173,23.491,22.847,18.757,0.02377,0.02491,3
SMDG0039348-020130,9.89518,-2.02513,11.12,0.855,1.478,22.805,22.048,17.72,0.0127,0.02523,3
SMDG0126312-012610,21.63012,-1.43612,8.39,0.571,1.075,23.617,22.516,18.864,0.02158,0.0674,3
SMDG0109116+002553,17.29849,0.43132,5.37,0.639,0.963,23.716,23.043,19.619,0.01536,0.04085,3
SMDG0059019-005026,14.75776,-0.84054,5.8,0.539,0.786,23.327,22.397,18.959,0.02572,0.05653,3
SMDG0107240-004049,16.84986,-0.68023,5.52,0.672,0.822,23.741,22.775,19.298,0.04,0.07718,3
SMDG0136114+005400,24.04767,0.90009,5.82,0.677,0.919,23.617,22.857,19.209,0.02332,0.06426,3
SMDG0122155+003720,20.56464,0.62227,6.2,0.496,0.401,23.979,23.375,19.014,0.03063,0.04721,3
SMDG0100375+012142,15.15618,1.36168,9.0,0.641,1.668,23.872,22.741,19.911,0.01837,0.05134,3
SMDG0124244-011331,21.10161,-1.22524,6.69,0.608,1.363,23.873,22.764,20.052,0.02845,0.07984,3
SMDG0124541+020541,21.22551,2.09467,5.43,0.862,0.855,23.428,22.786,18.804,0.02967,0.04402,3
SMDG0131324-010437,22.88505,-1.07705,8.57,0.423,0.736,23.702,22.732,18.671,0.023,0.03588,3
SMDG0039465+012808,9.94391,1.46895,6.4,0.871,0.953,23.361,22.66,18.53,0.01119,0.02907,3
SMDG0047073-012204,11.7805,-1.36773,4.6,0.48,0.796,23.101,22.141,19.378,0.02018,0.04191,3
SMDG0039136+023211,9.80681,2.53647,6.29,0.847,1.357,22.91,21.919,18.852,0.02518,0.00854,3
SMDG0126582-013344,21.74239,-1.56229,7.82,0.515,0.953,23.933,22.864,19.237,0.02674,0.07301,3
SMDG0120348-003109,20.14513,-0.51917,6.1,0.769,1.102,23.252,22.199,18.914,0.03487,0.04559,3
SMDG0128501-024101,22.2086,-2.6837,5.67,0.676,0.983,23.062,22.395,18.819,0.02103,0.04327,3
SMDG0120234+000148,20.09769,0.03005,9.54,0.411,0.557,23.868,23.355,18.372,0.02817,0.04497,3
SMDG0049383+001417,12.40943,0.23818,5.24,0.835,0.648,23.416,22.684,18.582,0.02068,-0.07466,3
SMDG0119552-005351,19.97981,-0.89742,6.08,0.463,0.881,23.229,22.524,19.076,0.0224,0.03341,3
SMDG0038442+003717,9.68424,0.6213,9.41,0.74,1.477,23.078,22.354,18.51,0.02323,0.04231,3
SMDG0117068+004131,19.27847,0.69207,5.07,0.743,0.689,23.297,22.731,18.723,0.01867,0.02663,3
SMDG0126478-011244,21.69912,-1.21215,11.56,0.632,1.045,23.544,22.434,17.933,0.03277,0.04769,3
SMDG0119327+020545,19.88608,2.09571,6.66,0.652,0.79,23.279,22.412,18.41,0.02831,0.03159,3
SMDG0038238+010620,9.59926,1.10568,6.34,0.547,0.778,23.48,22.925,18.89,0.01599,0.01784,3
SMDG0040461-023827,10.1919,-2.64078,9.74,0.638,1.392,23.266,22.684,18.629,0.02237,0.03611,3
SMDG0119208-012815,19.83662,-1.4708,4.65,0.389,0.642,23.577,22.695,19.823,0.02684,0.09993,3
SMDG0023571-024341,5.98791,-2.72795,10.62,0.641,0.751,23.51,22.677,17.585,0.02933,0.06742,3
SMDG0059036+005901,14.76498,0.98373,12.92,0.361,0.874,23.738,23.396,18.207,0.02101,0.06515,3
SMDG0125186+003655,21.32742,0.61522,7.85,0.727,1.279,23.561,22.687,19.048,0.02242,0.05192,3
SMDG0125388+015735,21.41169,1.9597,7.89,0.597,1.718,23.597,22.514,20.092,0.02733,0.04238,3
SMDG0113394+005228,18.4143,0.87447,21.52,0.591,1.034,23.058,22.864,16.152,0.02251,0.03226,3
SMDG0032572+012741,8.2382,1.46152,5.01,0.546,0.887,23.794,23.325,19.893,0.01741,0.04611,3
SMDG0027127-014831,6.80309,-1.80869,11.7,0.572,2.083,23.472,22.071,19.853,0.0192,0.04676,3
SMDG0039278+023447,9.86596,2.57959,5.67,0.439,0.812,23.939,22.884,19.884,0.02868,-0.01016,3
SMDG0130296+015909,22.62326,1.98574,6.55,0.558,0.82,23.473,23.398,18.857,0.01891,0.0236,3
SMDG0022409-011729,5.67022,-1.29147,8.38,0.765,0.922,23.717,23.244,18.39,0.03019,0.04066,3
SMDG0130432-021353,22.68008,-2.2314,24.14,0.698,1.639,22.428,21.854,16.178,0.01999,0.04831,3
SMDG0104023-014028,16.0094,-1.67433,6.19,0.463,0.851,23.52,22.844,19.28,0.03176,0.0592,3
SMDG0108329+004221,17.13715,0.70576,4.94,0.712,0.749,23.925,22.98,19.545,0.02166,0.03949,3
SMDG0039527+002255,9.96972,0.38202,12.8,0.734,1.15,23.576,22.765,17.763,0.01046,0.04531,3
SMDG0112468-002628,18.1948,-0.44109,14.21,0.456,1.383,23.807,22.621,18.699,0.01657,0.02774,3
SMDG0039047+025600,9.76964,2.93345,8.21,0.866,1.234,22.768,21.999,17.887,0.02274,-0.00121,3
SMDG0129494+022140,22.45564,2.36098,9.02,0.608,1.103,23.402,22.433,18.471,0.025,0.0418,3
SMDG0101134-003742,15.30587,-0.62825,5.44,0.675,1.105,22.946,22.096,19.003,0.01965,0.02239,3
SMDG0023289-003434,5.87045,-0.57604,5.11,0.84,0.896,23.262,22.459,18.865,0.02896,0.03185,3
SMDG0125027+014549,21.26136,1.76353,7.22,0.518,1.405,22.748,21.851,19.011,0.02687,0.05484,3
SMDG0106567-004522,16.73605,-0.75618,7.39,0.898,0.705,23.445,22.646,17.871,0.03631,0.06472,3
SMDG0045559+012127,11.48281,1.35753,5.86,0.616,0.991,23.648,23.063,19.448,0.02575,0.00415,3
SMDG0037265-020656,9.36044,-2.11557,9.9,0.682,0.934,23.307,22.531,17.763,0.01657,0.03147,3
SMDG0121590+002341,20.49567,0.39478,5.92,0.598,0.837,23.275,22.518,18.831,0.03343,0.03947,3
SMDG0121451+000806,20.43808,0.13508,4.79,0.661,0.702,23.394,22.888,19.09,0.02772,0.02832,3
SMDG0115274+001927,18.86434,0.32404,4.44,0.821,0.642,23.319,22.624,18.854,0.02157,0.03418,3
SMDG0126397+015208,21.66556,1.86895,5.87,0.978,1.31,22.651,21.5,18.502,0.02672,0.04568,3
SMDG0032157+023906,8.06523,2.6517,6.58,0.682,1.294,23.101,22.752,19.067,0.02103,0.05988,3
SMDG0121342+001124,20.39236,0.19007,6.39,0.707,0.999,23.307,22.418,18.783,0.02478,0.04645,3
SMDG0106469+001436,16.69545,0.24333,8.78,0.596,0.853,23.269,22.738,17.999,0.02642,0.04398,3
SMDG0119555+024711,19.98114,2.78627,11.46,0.628,1.157,22.767,21.875,17.375,0.01979,0.02222,3
SMDG0113540+020730,18.47494,2.12502,5.86,0.714,1.287,23.245,22.544,19.4,0.03432,0.06933,3
SMDG0055213-014720,13.83855,-1.7888,6.59,0.469,0.941,23.023,22.352,18.781,0.03769,0.04373,3
SMDG0056068-013801,14.02849,-1.63363,12.29,0.715,1.202,22.812,22.003,17.207,0.02867,0.03865,3
SMDG0035529+013058,8.97042,1.51599,6.39,0.696,0.935,23.4,22.596,18.786,0.01627,0.01888,3
SMDG0126561+020833,21.73363,2.14249,6.05,0.724,1.117,23.319,22.611,19.09,0.02118,0.04361,3
SMDG0121555-004903,20.48143,-0.81742,5.84,0.692,1.296,22.687,21.989,18.9,0.03621,0.06782,3
SMDG0054101-021954,13.54203,-2.33169,5.33,0.539,0.787,23.383,22.948,19.2,0.03106,0.03537,3
SMDG0119017+014400,19.75692,1.73342,5.92,0.571,0.738,23.361,22.919,18.811,0.03683,0.04391,3
SMDG0022213+003146,5.58885,0.52939,5.32,0.759,0.944,23.807,22.979,19.512,0.03171,-0.00917,3
SMDG0032162+024409,8.06767,2.73576,5.83,0.747,1.08,23.609,22.827,19.363,0.02078,0.04952,3
SMDG0126268-012426,21.61163,-1.40723,8.16,0.636,0.833,23.497,22.401,18.283,0.02489,0.06172,3
SMDG0125276-014925,21.36497,-1.82361,5.43,0.486,1.071,22.905,21.764,19.264,0.02842,0.04448,3
SMDG0131105+030705,22.79375,3.11809,4.88,0.528,0.463,23.841,23.52,19.404,0.03072,0.03764,3
SMDG0124056+005904,21.02331,0.98433,8.51,0.476,0.685,23.736,23.261,18.514,0.02387,0.04729,3
SMDG0125397-010705,21.41549,-1.11811,5.77,0.804,0.983,23.323,22.298,18.854,0.01592,0.03338,3
SMDG0029273-002605,7.36357,-0.43475,7.37,0.365,0.641,23.268,22.72,18.581,0.01886,0.06355,3
SMDG0050264+004927,12.61007,0.82415,5.22,0.636,0.785,23.402,22.768,19.082,0.02121,0.02163,3
SMDG0041410-013218,10.42097,-1.53835,8.77,0.659,1.319,22.853,22.18,18.277,0.02839,0.0384,3
SMDG0123052-004156,20.77153,-0.69883,5.99,0.807,1.031,23.213,22.56,18.74,0.02701,0.05645,3
SMDG0042324-014914,10.63503,-1.82065,18.9,0.829,1.498,23.73,22.673,17.563,0.02676,0.01652,3
SMDG0045596-014225,11.49842,-1.70694,5.5,0.624,1.094,23.784,22.725,19.884,0.02203,0.03198,3
SMDG0128234+011817,22.09734,1.30476,12.03,0.421,1.226,23.954,23.149,19.013,0.01841,0.03698,3
SMDG0115478-004635,18.94911,-0.77651,9.09,0.372,0.975,23.234,22.455,18.602,0.02394,0.02353,3
SMDG0133589+021354,23.49534,2.23176,5.13,0.375,0.795,23.603,22.864,19.91,0.02005,0.04054,3
SMDG0126291+022106,21.62141,2.35178,6.63,0.796,0.859,23.732,23.039,18.767,0.02537,0.04356,3
SMDG0108129+024020,17.05384,2.67227,6.29,0.662,1.026,23.116,22.347,18.744,0.02448,0.04768,3
SMDG0129308-020058,22.37836,-2.01616,6.3,0.883,1.059,23.254,22.112,18.622,0.01953,0.04026,3
SMDG0041563-022834,10.48443,-2.47611,5.31,0.916,0.86,23.217,22.586,18.584,0.0164,0.03251,3
SMDG0027317-014005,6.88212,-1.66818,9.17,0.946,1.211,23.241,22.484,17.984,0.01463,0.03389,3
SMDG0106275+010600,16.6147,1.09982,158.6,0.542,4.012,21.516,20.663,16.142,0.02123,0.03587,3
SMDG0131226-004844,22.8443,-0.81222,6.0,0.787,1.104,23.871,22.83,19.547,0.01317,0.02539,3
SMDG0116270+020607,19.11242,2.10182,7.86,0.663,0.92,23.219,22.445,18.183,0.03297,0.07145,3
SMDG0043049-024156,10.77058,-2.69887,5.9,0.819,0.705,23.906,23.05,18.921,0.01962,-0.00661,3
SMDG0028058-012238,7.02436,-1.37717,8.69,0.433,0.866,23.288,22.531,18.408,0.01603,0.04173,3
SMDG0111054+005903,17.7725,0.98428,5.39,0.76,0.78,23.552,22.858,18.961,0.02792,0.04491,3
SMDG0059567-005547,14.98623,-0.92967,7.12,0.51,1.149,23.148,21.972,19.002,0.01893,0.06108,3
SMDG0123214+015810,20.83909,1.9694,6.7,0.602,0.787,23.861,23.174,19.061,0.02927,0.04281,3
SMDG0023451-004407,5.93796,-0.73524,6.8,0.947,1.325,23.576,22.804,19.17,0.02278,0.04027,3
SMDG0109432+014804,17.43003,1.80113,5.92,0.468,0.582,23.497,23.012,18.931,0.02445,0.04303,3
SMDG0109225-022915,17.34386,-2.48739,5.39,0.738,1.012,22.981,22.348,18.802,0.0169,0.03293,3
SMDG0034025-025244,8.51039,-2.87891,8.57,0.66,0.667,23.843,23.186,18.224,0.02288,0.03762,3
SMDG0055023-014247,13.75972,-1.71316,8.46,0.658,1.254,23.089,22.15,18.477,0.03413,0.06948,3
SMDG0036244+014204,9.10163,1.70113,5.64,0.727,0.884,23.419,22.695,18.945,0.01926,0.03586,3
SMDG0113359+025357,18.39957,2.89919,5.8,0.812,0.822,23.453,22.238,18.697,0.04577,0.08236,3
SMDG0027406+001427,6.91916,0.24092,6.61,0.522,0.819,23.388,22.934,18.823,0.01928,0.03134,3
SMDG0121557+010909,20.48224,1.15251,4.73,0.593,0.543,23.461,23.031,19.071,0.02154,0.0413,3
SMDG0028479+021723,7.19979,2.28982,9.93,0.548,0.644,23.358,22.738,17.587,0.02379,0.04707,3
SMDG0127423-011257,21.92633,-1.21571,7.46,0.822,0.981,23.148,21.991,18.094,0.02363,0.0337,3
SMDG0101456+005903,15.43979,0.98417,6.39,0.569,1.192,22.826,22.06,18.871,0.02322,0.06059,3
SMDG0123084-024425,20.78513,-2.74041,5.93,0.536,0.938,22.983,21.959,18.82,0.03264,0.03934,3
SMDG0040256+014151,10.10672,1.69757,7.02,0.865,0.95,23.058,22.313,18.029,0.01732,0.04934,3
SMDG0121131+001112,20.30443,0.18676,20.26,0.408,1.596,22.63,22.012,17.263,0.02488,0.02832,3
SMDG0136325-012038,24.13522,-1.34385,6.22,0.546,0.945,23.258,22.364,18.983,0.02098,0.01855,3
SMDG0126337-011254,21.64036,-1.21508,5.82,0.496,0.984,22.905,21.831,18.944,0.02652,0.03517,3
SMDG0038313+001522,9.63039,0.25621,4.59,0.385,0.758,23.189,22.548,19.65,0.01754,0.03323,3
SMDG0126458+020018,21.69078,2.00494,5.8,0.365,0.659,23.78,23.205,19.64,0.0343,0.0504,3
SMDG0125567-011441,21.48618,-1.24481,6.16,0.542,0.899,23.23,22.094,18.908,0.0265,0.04632,3
SMDG0127572-011140,21.98835,-1.19457,6.28,0.826,1.173,23.953,22.889,19.598,0.02755,0.04971,3
SMDG0047554+011457,11.98095,1.24927,5.59,0.45,0.75,23.276,23.064,19.128,0.02271,-0.09843,3
SMDG0039192+025910,9.82987,2.98609,14.23,0.801,0.897,23.211,22.273,16.643,0.03182,-0.01161,3
SMDG0040563-024610,10.23441,-2.76957,5.58,0.822,0.921,23.72,22.988,19.196,0.01957,0.04835,3
SMDG0122488+015421,20.70338,1.90583,10.93,0.913,0.883,23.875,23.094,17.715,0.0331,0.05215,3
SMDG0117494-002238,19.45588,-0.37714,6.21,0.558,1.324,22.916,22.192,19.279,0.02384,0.03414,3
SMDG0011138-024249,2.80729,-2.71348,5.2,0.506,0.948,22.956,22.215,19.157,0.03373,0.02305,3
SMDG0108079-015832,17.03273,-1.97568,6.63,0.885,0.536,23.915,23.4,18.348,0.01917,0.01927,3
SMDG0042312+003743,10.63017,0.62871,5.77,0.547,0.873,23.234,22.425,19.001,0.01778,-0.01104,3
SMDG0129190-004845,22.32907,-0.81244,6.44,0.824,1.068,23.679,22.65,19.09,0.02065,0.05001,3
SMDG0107048+015330,16.76981,1.89171,5.11,0.712,0.748,23.479,23.004,19.024,0.01643,0.04021,3
SMDG0130554+015331,22.73063,1.8919,6.82,0.596,0.655,23.882,23.008,18.852,0.01916,0.02989,3
SMDG0105176-021103,16.32315,-2.18415,5.35,0.613,0.912,23.258,22.634,19.129,0.02249,0.0239,3
SMDG0123161-021902,20.81708,-2.31727,10.42,0.512,0.731,23.627,22.531,17.957,0.03286,0.07661,3
SMDG0030054-030202,7.52238,-3.03392,8.43,0.444,0.727,23.534,22.989,18.473,0.02967,0.0425,3
SMDG0037433+002007,9.43061,0.33527,8.51,0.843,1.282,23.436,22.647,18.592,0.01957,0.05115,3
SMDG0123211-023118,20.83798,-2.52164,6.71,0.436,1.509,23.128,22.094,19.928,0.02962,0.06831,3
SMDG0121259-024836,20.35784,-2.80998,13.26,0.797,1.533,22.467,21.628,17.177,0.02205,0.0434,3
SMDG0126219+013435,21.59128,1.57642,7.4,0.431,0.951,23.388,22.785,19.002,0.02192,0.03714,3
SMDG0105441+004753,16.43368,0.79808,6.69,0.413,0.917,23.258,22.63,19.081,0.0271,0.03098,3
SMDG0107576+021347,16.98986,2.22977,7.82,0.843,0.945,23.105,22.201,17.861,0.03059,0.03047,3
SMDG0117347+002653,19.39451,0.44805,6.09,0.401,0.985,23.081,22.496,19.254,0.02016,0.03623,3
SMDG0114316-000403,18.63181,-0.06751,10.12,0.898,1.185,22.721,21.82,17.26,0.02371,0.04829,3
SMDG0040162-004653,10.06731,-0.78152,4.72,0.501,0.649,23.431,22.715,19.38,0.01797,0.03273,3
SMDG0040136+003527,10.05674,0.59089,6.7,0.765,0.957,23.091,22.375,18.308,0.01471,0.03981,3
SMDG0120352+030843,20.14673,3.14527,7.53,0.481,0.872,23.84,23.153,19.167,0.03056,0.04304,3
SMDG0052013-025042,13.00542,-2.84497,4.61,0.601,0.727,23.701,23.026,19.621,0.02999,0.02252,3
SMDG0054324-021704,13.63491,-2.28439,10.86,0.583,1.607,22.677,22.186,18.297,0.03381,0.00243,3
SMDG0039498-023441,9.95754,-2.57801,6.05,0.71,1.135,22.773,22.08,18.597,0.02108,0.07093,3
SMDG0041313+010614,10.3806,1.10395,425.83,0.527,3.5,23.372,22.633,14.844,0.01775,0.04367,3
SMDG0045413-005636,11.42212,-0.94343,5.77,0.792,1.011,23.633,22.878,19.228,0.01932,-0.059,3
SMDG0057153-013746,14.31381,-1.62955,6.39,0.403,1.01,23.151,22.519,19.256,0.03094,0.07665,3
SMDG0138589+010305,24.74528,1.05126,5.01,0.528,0.862,23.085,22.246,19.179,0.0177,0.03908,3
SMDG0128304+020238,22.12662,2.04392,8.38,0.731,1.565,22.63,21.951,18.489,0.02214,0.02935,3
SMDG0044590+013819,11.2457,1.63858,8.21,0.672,1.223,22.863,22.212,18.238,0.0217,-0.10413,3
SMDG0127047-011656,21.76942,-1.28214,5.56,0.456,1.132,22.961,22.276,19.444,0.02776,0.06481,3
SMDG0124473-010219,21.19718,-1.03858,4.82,0.862,0.892,23.942,22.902,19.637,0.0228,0.046,3
SMDG0130020+004410,22.50854,0.73601,9.47,0.387,1.242,22.696,22.317,18.394,0.02451,0.02848,3
SMDG0044086-024506,11.03588,-2.75177,7.12,0.907,0.628,23.828,23.29,18.209,0.02433,-0.00273,3
SMDG0104082-003054,16.03419,-0.51505,5.48,0.6,0.976,23.472,22.463,19.421,0.03306,0.04456,3
SMDG0039334+010653,9.88916,1.11461,6.13,0.611,0.902,23.408,22.747,18.971,0.01866,0.0014,3
SMDG0134328+004019,23.6365,0.67207,6.13,0.534,0.798,23.922,23.176,19.463,0.02848,0.04748,3
SMDG0124489-012032,21.20357,-1.3421,10.65,0.897,1.843,23.306,22.096,18.944,0.03013,0.08063,3
SMDG0051193-020251,12.8303,-2.04755,9.51,0.943,0.885,23.255,22.565,17.365,0.03121,0.04122,3
SMDG0115342+000741,18.89265,0.12806,7.53,0.822,1.711,23.63,22.329,19.866,0.02179,0.03696,3
SMDG0039301+031047,9.87527,3.17978,6.73,0.837,1.149,23.599,22.43,19.037,0.03538,-0.02366,3
SMDG0125377+014109,21.40708,1.68582,6.65,0.906,1.549,22.777,21.698,18.876,0.02445,0.05932,3
SMDG0128132+020830,22.05489,2.14177,13.05,0.781,2.22,22.197,21.143,18.267,0.02488,0.04366,3
SMDG0126239+015719,21.59964,1.95533,6.37,0.709,1.181,23.475,22.888,19.269,0.03537,0.05632,3
SMDG0117328-011437,19.38674,-1.24349,8.92,0.719,1.091,23.766,23.13,18.657,0.02904,0.06421,3
SMDG0035062+020913,8.77584,2.15358,9.47,0.846,1.308,22.701,21.937,17.668,0.02604,0.03029,3
SMDG0110398+021115,17.66564,2.18756,10.48,0.893,0.823,23.754,22.906,17.612,0.03655,0.06115,3
SMDG0128405+013719,22.1687,1.62208,6.09,0.437,1.233,23.077,22.442,19.586,0.02522,0.04254,3
SMDG0127220-014814,21.84154,-1.80375,5.7,0.872,0.913,23.988,22.872,19.341,0.0192,0.06044,3
SMDG0125563+021025,21.48453,2.17367,5.64,0.747,1.023,23.245,22.149,18.973,0.02586,0.05351,3
SMDG0151136+013636,27.80682,1.60986,6.73,0.949,1.418,23.024,22.285,18.806,0.01714,0.02579,3
SMDG0230390+013120,37.66253,1.52235,5.68,0.606,0.842,23.922,22.984,19.562,0.01911,0.02418,3
SMDG0138479+020120,24.69976,2.02225,4.98,0.422,0.894,23.168,22.65,19.571,0.0224,0.04247,3
SMDG0206426-000906,31.67768,-0.15156,5.84,0.484,0.828,23.282,22.515,19.083,0.02018,0.03135,3
SMDG0223190-011512,35.82913,-1.25323,14.44,0.881,1.132,23.91,23.23,17.605,0.02488,0.05366,3
SMDG0237148+015250,39.31165,1.88065,6.01,0.769,1.129,23.484,22.512,19.225,0.02094,0.02377,3
SMDG0231129+001110,37.80374,0.18618,6.39,0.735,0.774,23.437,22.608,18.503,0.01368,0.03555,3
SMDG0153477-024858,28.44876,-2.816,5.99,0.77,1.316,23.374,22.891,19.452,0.01291,0.02922,3
SMDG0157112-021046,29.29664,-2.17942,6.45,0.76,1.312,23.007,22.189,18.931,0.01507,0.02099,3
SMDG0154229+012914,28.59547,1.48734,5.17,0.815,0.648,23.921,23.409,19.143,0.02459,0.03674,3
SMDG0243388+001124,40.91161,0.18991,6.13,0.539,0.909,23.221,22.441,18.932,0.03064,0.03471,3
SMDG0212068+011232,33.02822,1.20896,9.13,0.677,1.208,23.029,22.225,18.139,0.01926,0.04277,3
SMDG0230232-002629,37.59686,-0.44133,5.82,0.886,0.711,23.685,22.799,18.653,0.01987,0.04431,3
SMDG0245198-000206,41.33248,-0.03499,11.36,0.633,1.108,23.6,22.883,18.133,0.0265,0.01527,3
SMDG0206304+013023,31.62684,1.50637,6.42,0.707,0.535,23.946,22.968,18.691,0.0234,0.03925,3
SMDG0210292+000548,32.62153,0.0966,8.02,0.463,1.719,22.575,22.125,19.313,0.01703,0.04344,3
SMDG0232382-010203,38.15929,-1.03414,7.29,0.628,0.97,23.482,22.558,18.752,0.01877,0.03989,3
SMDG0245332-024408,41.38829,-2.73554,5.54,0.565,0.9,23.542,22.854,19.406,0.02374,0.01727,3
SMDG0158103-001327,29.54297,-0.22406,6.0,0.502,0.792,23.868,23.12,19.513,0.02598,0.02222,3
SMDG0240124+021356,40.05176,2.23213,6.0,0.649,0.592,23.746,23.055,18.81,0.02429,0.00822,3
SMDG0156504+005734,29.21004,0.95939,6.46,0.84,1.391,23.212,22.447,19.167,0.01684,0.03127,3
SMDG0146441+000001,26.68367,0.00038,6.36,0.612,1.147,23.102,22.155,19.0,0.02532,0.04812,3
SMDG0231170+004334,37.82083,0.72609,5.44,0.45,0.997,23.26,22.385,19.573,0.01684,0.03123,3
SMDG0241314+020313,40.38092,2.05372,5.17,0.847,0.873,23.787,22.894,19.318,0.02709,0.03647,3
SMDG0210468+014634,32.69503,1.77623,13.21,0.861,1.229,23.534,22.936,17.618,0.01925,0.04614,3
SMDG0207397+022335,31.91552,2.39315,17.47,0.911,1.276,23.053,22.192,16.552,0.02228,0.04427,3
SMDG0309489-020104,47.45393,-2.01783,9.4,0.651,1.499,22.669,21.918,18.283,0.04492,0.07874,3
SMDG0153153-015554,28.31395,-1.93167,6.48,0.599,0.777,23.778,23.186,19.041,0.01292,0.03481,3
SMDG0202162-015627,30.56762,-1.94077,5.15,0.776,0.906,23.307,22.5,18.995,0.01002,0.03844,3
SMDG0244535-020353,41.22278,-2.06463,5.46,0.833,0.941,23.745,23.252,19.287,0.02696,0.00986,3
SMDG0239254+015242,39.85601,1.87823,5.08,0.498,0.713,23.645,22.912,19.537,0.02349,0.00623,3
SMDG0232318+000326,38.13268,0.05722,8.04,0.665,0.845,23.539,22.939,18.328,0.02094,0.05043,3
SMDG0238268+021118,39.61179,2.18841,6.7,0.49,1.049,23.441,22.402,19.297,0.02267,-0.00416,3
SMDG0249185-013418,42.32712,-1.5717,6.68,0.77,0.986,23.649,22.662,18.914,0.04298,0.05703,3
SMDG0228349+013959,37.14535,1.66627,5.08,0.708,0.879,23.373,22.657,19.146,0.02583,0.03107,3
SMDG0150351-003727,27.64614,-0.62425,7.46,0.47,1.221,22.676,21.928,18.644,0.02019,0.04084,3
SMDG0213241+004742,33.35058,0.7951,4.9,0.831,0.892,23.442,22.607,19.141,0.02134,0.03592,3
SMDG0206137+003511,31.55691,0.58625,7.07,0.635,1.318,22.927,22.251,18.858,0.01873,0.04339,3
SMDG0245324-020137,41.38489,-2.02688,7.38,0.794,0.759,23.531,22.677,18.177,0.02684,-0.0028,3
SMDG0224347-003658,36.14457,-0.61597,7.57,0.836,1.069,22.921,22.049,17.967,0.02371,0.05459,3
SMDG0237285+023055,39.36887,2.51537,8.49,0.435,1.157,22.755,22.333,18.413,0.02859,0.03548,3
SMDG0247360-030020,41.90017,-3.00563,5.59,0.979,1.028,23.132,0.0,18.594,0.02459,-0.00623,3
SMDG0215516-000628,33.96512,-0.10768,5.97,0.937,0.963,23.584,22.906,18.841,0.02517,0.05309,3
SMDG0227393+005541,36.9137,0.92802,8.09,0.781,1.098,23.456,22.946,18.481,0.01628,0.04269,3
SMDG0215265+014214,33.86028,1.70393,5.62,0.959,0.868,23.74,23.096,18.947,0.03816,0.05351,3
SMDG0205375-022021,31.40616,-2.33915,5.53,0.753,1.156,23.136,22.48,19.128,0.0141,0.03316,3
SMDG0213020+023850,33.25844,2.64733,7.43,0.84,1.641,22.734,21.959,18.845,0.03189,0.05195,3
SMDG0203277+002620,30.86546,0.43887,6.78,0.723,0.732,23.491,22.899,18.381,0.01389,0.04523,3
SMDG0246475-015853,41.69789,-1.98145,5.5,0.883,0.89,23.311,22.661,18.69,0.03681,-0.007,3
SMDG0152386-005351,28.16066,-0.89736,5.86,0.661,1.174,22.926,22.181,18.965,0.0195,0.05457,3
SMDG0158488-020918,29.70334,-2.1549,6.96,0.638,1.418,22.662,22.039,18.802,0.0124,0.03383,3
SMDG0212074+013345,33.03082,1.56248,6.78,0.768,1.024,23.612,22.863,18.912,0.02353,0.03829,3
SMDG0246540-005728,41.72508,-0.95781,7.0,0.827,1.02,23.183,22.28,18.327,0.03453,0.03423,3
SMDG0207190+020624,31.82936,2.10676,6.02,0.706,1.034,23.374,22.265,19.041,0.02296,0.04707,3
SMDG0154293-004525,28.62223,-0.75684,7.43,0.815,1.043,23.15,22.502,18.219,0.02254,0.04898,3
SMDG0249310-025927,42.37936,-2.99075,5.71,0.746,1.08,23.444,22.746,19.244,0.03255,0.04352,3
SMDG0223107+023209,35.79478,2.53592,9.23,0.656,0.758,23.754,23.059,18.12,0.02733,0.04173,3
SMDG0158329+010255,29.63705,1.04857,5.38,0.512,1.026,23.888,23.186,20.134,0.01683,0.03317,3
SMDG0247101-015814,41.79207,-1.9705,8.75,0.948,1.004,23.426,22.628,17.91,0.03447,0.00236,3
SMDG0153293-021833,28.37196,-2.30919,12.63,0.694,1.264,22.741,21.975,17.219,0.01857,0.02437,3
SMDG0155292-005351,28.87175,-0.89759,5.9,0.603,1.046,23.818,23.234,19.72,0.02006,0.04462,3
SMDG0220364+005629,35.15182,0.94149,5.01,0.711,0.961,22.942,22.378,18.876,0.03176,0.04327,3
SMDG0212555-002802,33.23135,-0.46725,11.49,0.88,1.065,22.889,22.271,16.966,0.02625,0.03977,3
SMDG0158215-025712,29.58973,-2.95328,8.42,0.603,0.93,23.799,23.243,18.733,0.01942,0.04398,3
SMDG0142341+025549,25.64193,2.93028,12.36,0.791,0.799,23.588,22.967,17.181,0.02325,0.03479,3
SMDG0233235-003231,38.34792,-0.54202,5.6,0.63,0.951,23.649,23.117,19.456,0.01599,0.04256,3
SMDG0246569-003127,41.7369,-0.52427,5.3,0.465,0.988,23.127,22.293,19.446,0.02984,0.04296,3
SMDG0156011-020223,29.00438,-2.03976,5.0,0.939,0.672,23.573,22.684,18.749,0.01245,0.02527,3
SMDG0232312+001210,38.13004,0.20273,5.33,0.654,0.923,23.342,22.568,19.169,0.01759,0.03807,3
SMDG0243332+011129,40.88816,1.19146,7.28,0.673,1.635,22.872,22.337,19.257,0.02839,0.04477,3
SMDG0156354-024008,29.14742,-2.66879,5.52,0.462,1.084,23.482,22.858,19.883,0.01351,0.02467,3
SMDG0217093+010107,34.28882,1.01848,7.24,0.498,0.819,23.858,23.057,19.147,0.02696,0.05007,3
SMDG0249247-005625,42.35283,-0.94029,5.75,0.827,0.746,23.251,22.689,18.374,0.04612,0.0493,3
SMDG0240376+013456,40.15669,1.58225,5.66,0.948,0.78,23.319,22.744,18.382,0.02383,0.01023,3
SMDG0152267-023714,28.11112,-2.62068,5.52,0.685,0.808,23.229,22.345,18.743,0.02275,0.029,3
SMDG0220501-011944,35.20858,-1.32884,7.27,0.873,1.096,22.987,22.231,18.12,0.02162,0.04941,3
SMDG0201550+013319,30.47905,1.5554,6.2,0.573,1.046,23.413,22.709,19.263,0.02955,0.0441,3
SMDG0207186+001833,31.8276,0.30905,6.97,0.519,1.015,23.019,22.343,18.669,0.01954,0.03124,3
SMDG0220373+022424,35.15537,2.40663,8.91,0.797,1.327,22.835,22.0,18.033,0.04024,0.08226,3
SMDG0240437-020502,40.18213,-2.08402,6.3,0.691,1.131,22.846,22.335,18.604,0.01485,0.05122,3
SMDG0155107-001555,28.79462,-0.26541,11.52,0.738,1.176,23.562,22.852,18.017,0.02036,0.03454,3
SMDG0145364-004903,26.40186,-0.81752,5.82,0.546,0.87,23.081,22.565,18.826,0.01482,0.03298,3
SMDG0212251+023500,33.10473,2.5833,8.86,0.768,1.355,22.816,22.231,18.117,0.03021,0.04979,3
SMDG0154017-000248,28.50704,-0.04667,6.43,0.599,0.853,23.097,22.461,18.498,0.02208,0.04711,3
SMDG0234121-001217,38.55059,-0.20479,8.75,0.808,1.291,22.891,22.219,18.049,0.02119,0.04321,3
SMDG0150495-004942,27.70642,-0.82829,8.06,0.578,0.853,23.435,22.639,18.384,0.0177,0.038,3
SMDG0249221-011134,42.34223,-1.19284,7.76,0.67,1.559,23.123,21.939,19.233,0.04245,0.06267,3
SMDG0143460+030649,25.94185,3.11367,5.03,0.829,0.622,23.361,22.745,18.586,0.02673,0.03326,3
SMDG0153093+030234,28.28872,3.04273,4.47,0.391,0.606,23.431,22.831,19.705,0.02284,0.03263,3
SMDG0204245-020832,31.10206,-2.14215,6.19,0.672,0.573,23.87,23.246,18.802,0.01226,0.03351,3
SMDG0237361+015905,39.40043,1.98466,6.9,0.562,1.025,23.802,22.713,19.405,0.02168,0.00591,3
SMDG0249201-025439,42.33384,-2.91092,4.52,0.758,0.685,23.589,22.911,19.236,0.04242,0.04467,3
SMDG0211534-020314,32.97238,-2.05379,6.38,0.821,1.304,23.22,22.464,19.07,0.01959,0.04241,3
SMDG0233391+014211,38.41309,1.70307,6.09,0.698,0.91,23.321,23.112,18.767,0.0219,0.03916,3
SMDG0246270+002020,41.61235,0.33886,5.91,0.857,1.283,23.26,22.463,19.192,0.03187,0.05633,3
SMDG0247590+015548,41.99567,1.93014,9.5,0.837,0.941,23.994,23.471,18.329,0.0389,0.04338,3
SMDG0205272+021042,31.3634,2.17836,6.56,0.64,1.401,23.261,22.546,19.496,0.02687,0.03692,3
SMDG0228190-003630,37.07902,-0.6083,17.52,0.823,0.782,23.911,23.251,16.677,0.01696,0.03826,3
SMDG0242025-003441,40.51056,-0.57813,7.37,0.86,0.982,23.341,22.73,18.266,0.02777,0.0247,3
SMDG0226119-003904,36.54943,-0.65106,6.54,0.994,0.885,23.103,22.123,17.969,0.02261,0.04584,3
SMDG0225491-002335,36.45449,-0.393,7.35,0.485,1.469,22.884,22.381,19.297,0.02221,0.03432,3
SMDG0158072+005241,29.52981,0.87794,7.45,0.655,1.067,23.618,23.11,18.96,0.01258,0.03103,3
SMDG0235001-011337,38.75045,-1.22707,6.18,0.758,1.059,23.107,22.427,18.682,0.01827,0.03318,3
SMDG0152537-020308,28.22377,-2.05227,5.58,0.44,1.117,23.032,22.505,19.52,0.01473,0.03053,3
SMDG0240090-005443,40.03762,-0.91197,7.98,0.792,1.119,23.521,22.907,18.597,0.02564,0.06216,3
SMDG0247062+012834,41.77563,1.47621,4.9,0.536,0.826,23.288,22.556,19.356,0.04117,0.09745,3
SMDG0208254+012504,32.10589,1.41774,7.76,0.904,1.364,22.873,22.035,18.301,0.03094,0.07667,3
